"SocioeconomicScore","StudyHours","SleepHours","Attendance","Grades"
0.213791261379571,0.644444444444444,0.75,0.633333333333333,0.232142857142857
0.296358537182541,0.0888888888888889,0.442307692307692,0.0666666666666667,0.0535714285714286
0.233501012754023,0.533333333333333,0.269230769230769,0.1,0.142857142857143
0.737262670554455,0.622222222222222,0.326923076923077,0.183333333333333,0.285714285714286
0.063057849400138,0.0666666666666667,0.442307692307692,0.116666666666667,0.0357142857142857
0.557994079284172,0.177777777777778,0.538461538461538,0.116666666666667,0.0357142857142857
0.539397244418724,0.944444444444444,0.384615384615385,0.316666666666667,0.535714285714286
0.497952233623434,0.333333333333333,0.846153846153846,0.05,0
0.212366728248047,0.311111111111111,0.711538461538462,0.183333333333333,0.0178571428571429
0.565884657333007,0.5,0.769230769230769,0.183333333333333,0.125
0.391345961225989,0.155555555555556,0.923076923076923,0.1,0.0357142857142857
0.233033587820242,0.333333333333333,1,0.2,0.0357142857142857
0.307498831437666,0.344444444444444,0.961538461538462,0.516666666666667,0.0357142857142857
0.147116433325172,0.322222222222222,0.75,0.283333333333333,0.0357142857142857
0.560008458165468,0.333333333333333,1,0.583333333333333,0.0178571428571429
0.314321009637857,0.311111111111111,0.596153846153846,0.716666666666667,0.0535714285714286
0.10204331471053,0.677777777777778,0.576923076923077,0.166666666666667,0.25
0.813530838916464,0.355555555555556,0.326923076923077,0.183333333333333,0.0714285714285714
0.219066485632248,0.333333333333333,0.903846153846154,0.35,0.0357142857142857
0.941516237451866,0.455555555555556,0.692307692307692,0.466666666666667,0.375
0.428317047655085,0.355555555555556,0.192307692307692,0.416666666666667,0.0357142857142857
0.426970418679191,0.0666666666666667,0.230769230769231,0.0333333333333333,0.0535714285714286
0.926580897901039,0.222222222222222,0.634615384615385,0.0833333333333333,0.142857142857143
0.816869588443475,0.633333333333333,0.846153846153846,0.416666666666667,0.357142857142857
0.0877312084047455,0.266666666666667,0.903846153846154,0.116666666666667,0.0357142857142857
0.934248892648074,0.866666666666667,0.557692307692308,0.683333333333333,0.732142857142857
0.494335254969172,0.3,0.923076923076923,0.216666666666667,0.0357142857142857
0.814109555501146,0.288888888888889,0.923076923076923,0.0333333333333333,0.142857142857143
0.0399091860128653,0.0888888888888889,0.846153846153846,0.3,0.0178571428571429
0.139615376054488,0.344444444444444,0.769230769230769,0.3,0.0178571428571429
0.626449573752977,0.311111111111111,0.634615384615385,0.233333333333333,0.0535714285714286
0.20373049613818,0.322222222222222,0.865384615384616,0.466666666666667,0.0357142857142857
0.399370089255904,0.333333333333333,0.75,0.183333333333333,0.0535714285714286
0.760311171455917,0.644444444444444,0.692307692307692,0.15,0.357142857142857
0.701582567275803,0.566666666666667,0.634615384615385,0.3,0.232142857142857
0.307688027244196,0.377777777777778,0.788461538461539,0.366666666666667,0.0714285714285714
0.456941260266655,0.255555555555556,0.5,0.15,0.0357142857142857
0.624991653126182,1,0.269230769230769,0.633333333333333,0.571428571428571
0.313397288935384,0.3,0.865384615384616,0.366666666666667,0.0357142857142857
0.398858147661762,0.522222222222222,0.807692307692308,0.666666666666667,0.142857142857143
0.867818906225655,0.5,0.75,0.116666666666667,0.321428571428571
0.541901306563981,0.888888888888889,0.0576923076923077,0.533333333333333,0.5
0.969049791884613,0.511111111111111,0.557692307692308,0.0166666666666667,0.5
0.85982816569101,0.166666666666667,0.0961538461538461,0.316666666666667,0.0178571428571429
0.843612972154829,0.288888888888889,0.769230769230769,0.2,0.0714285714285714
0.69437086829746,0.533333333333333,0.153846153846154,0.616666666666667,0.125
0.250740089478487,0.3,0.211538461538462,0.433333333333333,0
0.42369844414272,0.577777777777778,0.288461538461538,0.0833333333333333,0.178571428571429
0.0713824648874842,0.333333333333333,0.826923076923077,0.25,0.0535714285714286
0.746355198433013,0.433333333333333,0.730769230769231,0.55,0.0714285714285714
0.119148841453914,0.366666666666667,0.807692307692308,0.516666666666667,0.0535714285714286
0.344581209517662,0.344444444444444,0.153846153846154,0.15,0.0357142857142857
0.372448638903109,0.344444444444444,0.846153846153846,0.466666666666667,0.0357142857142857
0.180359249449106,0.277777777777778,0.211538461538462,0.0333333333333333,0.0357142857142857
0.597736327820687,0.744444444444444,0.692307692307692,0.183333333333333,0.357142857142857
0.333385269437087,0.277777777777778,0.884615384615385,0.1,0.0178571428571429
0.185567698711243,0.188888888888889,0.865384615384616,0.1,0.0178571428571429
0.0391412736216529,0.944444444444444,0.5,0.766666666666667,0.553571428571429
0.779475593740958,0.533333333333333,0.942307692307692,0.45,0.232142857142857
0.410566029336479,0.611111111111111,0.846153846153846,0.1,0.232142857142857
0.749070714714982,0.688888888888889,0.692307692307692,0.25,0.357142857142857
0.653192957464331,0.355555555555556,0.230769230769231,0.433333333333333,0.0357142857142857
0.0682774278273644,0.422222222222222,0.884615384615385,0.516666666666667,0.0357142857142857
0.32794310770806,0.688888888888889,0.961538461538462,0.433333333333333,0.321428571428571
0.531562312195339,0.333333333333333,0.653846153846154,0.183333333333333,0.0357142857142857
0.606595143232355,0.388888888888889,0.942307692307692,0.433333333333333,0.0357142857142857
0.782291272508736,0.433333333333333,0.903846153846154,0.533333333333333,0.142857142857143
0.381229550159147,0.344444444444444,0.384615384615385,0.216666666666667,0.0178571428571429
0.323658379148396,0.388888888888889,0.538461538461538,0.55,0.0714285714285714
0.894083735838137,0.777777777777778,0.788461538461539,0.383333333333333,0.625
0.389721103122844,0.777777777777778,0.25,0.25,0.375
0.953702673225455,0.288888888888889,0.653846153846154,0.216666666666667,0.267857142857143
0.387573174260467,0.344444444444444,0.326923076923077,0.566666666666667,0.0535714285714286
0.0625013911456363,0.311111111111111,0.596153846153846,0.2,0.0535714285714286
0.557181650232599,0.3,0.884615384615385,0,0.0535714285714286
0.570859394128252,0.311111111111111,0.769230769230769,0.316666666666667,0.0178571428571429
0.578738843011997,0.288888888888889,0.826923076923077,0.05,0.0357142857142857
0.138569234536025,0.477777777777778,0.788461538461539,0.266666666666667,0.0892857142857143
0.287878113383934,0.244444444444444,0.961538461538462,0.0666666666666667,0.0357142857142857
0.851247579406593,0.577777777777778,0.769230769230769,0.6,0.321428571428571
0.356422641173459,0.344444444444444,0.884615384615385,0.533333333333333,0.0357142857142857
0.973534845415897,0.288888888888889,0.884615384615385,0.0166666666666667,0.339285714285714
0.843145547221047,0.0111111111111111,0.653846153846154,0.0833333333333333,0
0.560765241391591,0.322222222222222,0.211538461538462,0.516666666666667,0.0357142857142857
0.768557882787633,0.833333333333333,0.423076923076923,0.916666666666667,0.446428571428571
0.159547710730741,0.311111111111111,0.711538461538462,0.3,0.0357142857142857
0.711977207469896,0.544444444444445,0.442307692307692,0.266666666666667,0.160714285714286
0.84383555545663,0.9,0.384615384615385,0.633333333333333,0.553571428571429
0.674816925234269,0.322222222222222,0.634615384615385,0.45,0.0535714285714286
0.958877734992321,0.288888888888889,0.307692307692308,0.1,0.25
0.645068666948605,0.344444444444444,0.788461538461539,0.516666666666667,0.0357142857142857
0.0963117946891624,0.311111111111111,0.173076923076923,0.25,0.0178571428571429
0.550415117857858,0.355555555555556,0.615384615384615,0.383333333333333,0.0357142857142857
0.433881630200102,0.788888888888889,0.692307692307692,0.4,0.357142857142857
0.654873461392926,0.844444444444445,0.692307692307692,0.966666666666667,0.428571428571429
0.218866160660627,0.322222222222222,0.0576923076923077,0.25,0.0357142857142857
0.741391590802858,0.577777777777778,0.865384615384616,0.233333333333333,0.267857142857143
0.861998352883567,0.333333333333333,0.788461538461539,0.216666666666667,0.160714285714286
0.926302668773789,0.311111111111111,0.0576923076923077,0.35,0.125
0.719010839806798,0.288888888888889,0.0384615384615385,0,0.0357142857142857
0.0387851403387718,0.344444444444444,0.326923076923077,0.15,0.0357142857142857
0.678745520511051,0.155555555555556,0.826923076923077,0.166666666666667,0.0535714285714286
0.351614841854564,0.0666666666666667,0.769230769230769,0.166666666666667,0.0535714285714286
0.645636254368197,0.744444444444444,0.711538461538462,0.283333333333333,0.375
0.796781445455962,0.444444444444444,0.288461538461538,0.3,0.0892857142857143
0.0435595521623968,0.322222222222222,0.923076923076923,0.683333333333333,0.0178571428571429
0.628452823469183,0.3,0.730769230769231,0.366666666666667,0.0714285714285714
0.0915707703608075,0.455555555555556,0.692307692307692,0.6,0.0535714285714286
0.360807532218933,0.344444444444444,0.865384615384616,0.466666666666667,0.0178571428571429
0.463696663476306,0.366666666666667,0.0576923076923077,0.583333333333333,0.0357142857142857
0.487891468382042,0.333333333333333,0.923076923076923,0.116666666666667,0.0357142857142857
0.92679235203775,0.211111111111111,0.211538461538462,0.0666666666666667,0.142857142857143
0.233990696017985,0.4,0.211538461538462,0.183333333333333,0.0357142857142857
0.926157989627618,0.288888888888889,0.769230769230769,0.15,0.214285714285714
0.804549602688806,0.344444444444444,0.961538461538462,0.333333333333333,0.107142857142857
0.947336790793955,0.233333333333333,0.865384615384616,0,0.232142857142857
0.199167538451265,0.311111111111111,0.884615384615385,0.166666666666667,0.0178571428571429
0.0312840830680882,0.277777777777778,0.211538461538462,0.233333333333333,0.0357142857142857
0.538963206980212,0.311111111111111,0.769230769230769,0.316666666666667,0.0535714285714286
0.0388853028245821,0.688888888888889,0.942307692307692,0.366666666666667,0.267857142857143
0.41393816635876,0.0777777777777778,0.884615384615385,0.0333333333333333,0.0535714285714286
0.580274667794422,0.266666666666667,0.269230769230769,0.116666666666667,0.0535714285714286
0.408740846261713,0.644444444444444,0.75,0.4,0.232142857142857
0.261457475460191,0.266666666666667,0.615384615384615,0.25,0.0535714285714286
0.974091303670399,0.322222222222222,0.980769230769231,0.183333333333333,0.339285714285714
0.487702272575511,0.311111111111111,0.288461538461538,0.316666666666667,0.0178571428571429
0.216083869388118,0.566666666666667,0.346153846153846,0.333333333333333,0.142857142857143
0.613061188149665,0.322222222222222,0.0961538461538461,0.316666666666667,0.0357142857142857
0.98401851893071,0.377777777777778,0.442307692307692,0.283333333333333,0.410714285714286
0.83105927393327,0.488888888888889,0.711538461538462,0.133333333333333,0.267857142857143
0.785184855432145,0.333333333333333,0.730769230769231,0.283333333333333,0.0535714285714286
0.455193981347519,0.288888888888889,1,0.05,0
0.11786898746856,0.277777777777778,0.903846153846154,0.283333333333333,0.0178571428571429
0.773254390455628,0.0333333333333333,0.903846153846154,0.0333333333333333,0.0357142857142857
0.643566229661451,0.322222222222222,0.384615384615385,0.35,0.0357142857142857
0.556959066930799,0.244444444444444,0.615384615384615,0.0833333333333333,0.0535714285714286
0.935896009081399,0.344444444444444,0.115384615384615,0.183333333333333,0.232142857142857
0.790270883878291,0.277777777777778,0.961538461538462,0.133333333333333,0.0357142857142857
0.136020655730407,0.411111111111111,0.634615384615385,0.233333333333333,0.0357142857142857
0.108776459590002,0.322222222222222,0.730769230769231,0.533333333333333,0.0357142857142857
0.363667727647072,0.277777777777778,0.673076923076923,0.116666666666667,0.0178571428571429
0.511507556703096,0.188888888888889,0.557692307692308,0.0333333333333333,0.0535714285714286
0.50008903332072,0.744444444444444,0.884615384615385,0.4,0.339285714285714
0.472878224675585,0.244444444444444,0.173076923076923,0.366666666666667,0.0357142857142857
0.379771629532353,0.0444444444444444,0.980769230769231,0.1,0.0357142857142857
0.33129298640016,0.266666666666667,0.769230769230769,0.0333333333333333,0.0357142857142857
0.747902152380528,0.544444444444445,0.576923076923077,0.116666666666667,0.214285714285714
0.789569746477619,0.0777777777777778,0.480769230769231,0,0.0357142857142857
0.432824359516549,0.444444444444444,0.653846153846154,0.65,0.0714285714285714
0.591982549469139,0.3,0.673076923076923,0.05,0
0.283949518107152,0.344444444444444,0.192307692307692,0.216666666666667,0.0178571428571429
0.976050036726245,0.333333333333333,0.192307692307692,0.3,0.303571428571429
0.657032519420393,0.566666666666667,0.865384615384616,0.366666666666667,0.214285714285714
0.773187615465088,0.755555555555556,0.519230769230769,0.316666666666667,0.410714285714286
0.88222004585216,0.677777777777778,0.134615384615385,0.366666666666667,0.410714285714286
0.831459923876511,0.611111111111111,0.692307692307692,0.683333333333333,0.303571428571429
0.537282703051617,0.3,0.980769230769231,0.25,0.0535714285714286
0.813163576468493,0.3,0.865384615384616,0.55,0.0357142857142857
0.384056358092016,0.811111111111111,0.711538461538462,0.533333333333333,0.392857142857143
0.247879894050348,0.8,0.596153846153846,0.6,0.392857142857143
0.451398936051817,0.511111111111111,0.673076923076923,0.333333333333333,0.125
0.930798851470163,0.344444444444444,0.615384615384615,0.483333333333333,0.214285714285714
0.834186569323569,0.588888888888889,0.423076923076923,0.333333333333333,0.285714285714286
0.170688004985866,0.533333333333333,0.0192307692307693,0.2,0.107142857142857
0.0915818995258976,0.288888888888889,0.730769230769231,0.266666666666667,0.0535714285714286
0.488703897433615,0.633333333333333,0.903846153846154,0.283333333333333,0.232142857142857
0.715382731987446,0.355555555555556,0.615384615384615,0.433333333333333,0.0357142857142857
0.0639370534422508,0.1,0.769230769230769,0.1,0.0357142857142857
0.0445055311950498,0.344444444444444,0.826923076923077,0.333333333333333,0.0178571428571429
0.303269748703452,0.333333333333333,0.788461538461539,0.5,0
0.233901662697264,0.111111111111111,0.980769230769231,0.1,0.0178571428571429
0.682518307476573,0.244444444444444,0.788461538461539,0.233333333333333,0.0178571428571429
0.138001647116433,0.355555555555556,0.961538461538462,0.4,0.0178571428571429
0.879281946268391,0.133333333333333,0.557692307692308,0.15,0.0357142857142857
0.839795668528947,0.377777777777778,0.653846153846154,0.333333333333333,0.142857142857143
0.600930398201527,0.233333333333333,0.173076923076923,0.333333333333333,0.0535714285714286
0.653204086629421,0,0.615384615384615,0.1,0.0357142857142857
0.344336367885681,0.133333333333333,0.730769230769231,0.15,0.0178571428571429
0.497929975293254,0.344444444444444,0.884615384615385,0.383333333333333,0.0178571428571429
0.607874997217709,0.744444444444444,0.711538461538462,0.616666666666667,0.357142857142857
0.852315979255236,0.811111111111111,0.653846153846154,0.883333333333333,0.517857142857143
0.499476929240768,0.5,0.634615384615385,0.566666666666667,0.0892857142857143
0.780566251919781,0,0.615384615384615,0.0166666666666667,0.0357142857142857
0.835744652436174,0.455555555555556,0,0.216666666666667,0.142857142857143
0.2707169408151,0.311111111111111,0.980769230769231,0.316666666666667,0.0178571428571429
0.536837536448016,0.677777777777778,0.788461538461539,0.483333333333333,0.285714285714286
0.96171567209028,0.544444444444445,0.788461538461539,0.45,0.535714285714286
0.674994991875709,0.677777777777778,0.769230769230769,0.2,0.303571428571429
0.18477752798985,0.355555555555556,0.769230769230769,0.416666666666667,0.0178571428571429
0.982616244129365,0.422222222222222,0.826923076923077,0.0666666666666667,0.464285714285714
0.392892915173504,0.3,0.846153846153846,0.533333333333333,0
0.940447837603223,0.111111111111111,0.653846153846154,0.133333333333333,0.0535714285714286
0.835154806686402,0.322222222222222,0.865384615384616,0.166666666666667,0.142857142857143
0.932546130389298,0.477777777777778,0.865384615384616,0.266666666666667,0.392857142857143
0.588220891668707,0.277777777777778,0.807692307692308,0.15,0.0178571428571429
0.541867919068711,1,0.269230769230769,0.366666666666667,0.589285714285714
0.225410109733568,0.366666666666667,0.307692307692308,0.483333333333333,0.0357142857142857
0.303136198722372,0.255555555555556,0.807692307692308,0.0833333333333333,0.0535714285714286
0.132348031250696,0.922222222222222,0.0384615384615385,0.416666666666667,0.535714285714286
0.112727313196964,0.7,0.0961538461538461,0.616666666666667,0.303571428571429
0.721225543659715,0.255555555555556,0.923076923076923,0.116666666666667,0.0535714285714286
0.854742137244864,0.322222222222222,0.903846153846154,0.233333333333333,0.125
0.223696218309702,0.311111111111111,0.826923076923077,0.283333333333333,0.0535714285714286
0.106661918222895,0.722222222222222,0.730769230769231,0.416666666666667,0.321428571428571
0.708682974603245,0.644444444444444,0.807692307692308,0.433333333333333,0.285714285714286
0.732966812829701,0.755555555555556,0.730769230769231,0.1,0.482142857142857
0.758575021701872,0.244444444444444,0.365384615384615,0.2,0.0178571428571429
0.233890533532174,0.577777777777778,0.75,0.7,0.178571428571429
0.897333452044428,0.677777777777778,0.442307692307692,0.216666666666667,0.517857142857143
0.693335855944087,0.311111111111111,0.692307692307692,0.483333333333333,0.0357142857142857
0.0112404567409353,0.666666666666667,0.826923076923077,0.283333333333333,0.232142857142857
0.933614530237941,0.677777777777778,0.826923076923077,0.15,0.589285714285714
0.990751663810181,0.311111111111111,0.769230769230769,0.433333333333333,0.357142857142857
0.555000333874953,0.311111111111111,0.192307692307692,0.283333333333333,0.0357142857142857
0.357301845215572,0.311111111111111,0.769230769230769,0.233333333333333,0.0357142857142857
0.0977919736461371,0.522222222222222,0.134615384615385,0.233333333333333,0.107142857142857
0.386783003539075,0.311111111111111,0.0961538461538461,0.383333333333333,0.0357142857142857
0.669385892670332,0.2,0.980769230769231,0.2,0.0178571428571429
0.0824337258218888,0.344444444444444,0.25,0.35,0.0357142857142857
0.868853918579028,0.366666666666667,0.788461538461539,0.45,0.160714285714286
0.689028869054244,0.722222222222222,0.538461538461538,0.0833333333333333,0.410714285714286
0,0.333333333333333,0.942307692307692,0.5,0.0535714285714286
0.758797605003673,0.333333333333333,0.711538461538462,0.466666666666667,0.0357142857142857
0.692512297727424,0.166666666666667,0.307692307692308,0.183333333333333,0.0178571428571429
0.118069312440181,0.277777777777778,0.192307692307692,0.0166666666666667,0.0714285714285714
0.76421750840252,0.666666666666667,0.942307692307692,0.483333333333333,0.375
0.265564137378414,0.288888888888889,0.269230769230769,0.15,0.0357142857142857
0.168962984396911,0.722222222222222,0.557692307692308,0.1,0.321428571428571
0.325928728826763,0.311111111111111,0.730769230769231,0.233333333333333,0.0178571428571429
0.880584058583925,0.211111111111111,0.846153846153846,0.183333333333333,0.0535714285714286
0.676864691610835,0.355555555555556,0.384615384615385,0.216666666666667,0.0357142857142857
0.0512498052396109,0.466666666666667,0.384615384615385,0.45,0.0714285714285714
0.374040109510984,0.544444444444445,0.961538461538462,0.233333333333333,0.142857142857143
0.139415051082868,0.766666666666667,0.153846153846154,0.216666666666667,0.357142857142857
0.57956240122866,0.844444444444445,0.192307692307692,0.416666666666667,0.428571428571429
0.264484608364681,0.822222222222222,0.076923076923077,0.833333333333333,0.428571428571429
0.467558483762548,0.833333333333333,0.346153846153846,0.333333333333333,0.428571428571429
0.708427003806174,0.322222222222222,0.076923076923077,0.333333333333333,0.0535714285714286
0.475137445188862,0.377777777777778,0.923076923076923,0.516666666666667,0.0178571428571429
0.831070403098359,0.266666666666667,0.711538461538462,0.166666666666667,0.0714285714285714
0.852694370868297,0.633333333333333,0.769230769230769,0,0.482142857142857
0.0919380328087787,0.244444444444444,0.634615384615385,0.0333333333333333,0.0535714285714286
0.00814654884590559,0.277777777777778,0.826923076923077,0.0666666666666667,0.0178571428571429
0.353718254056581,0.322222222222222,0.980769230769231,0.2,0.0535714285714286
0.909575533643466,0.355555555555556,0.846153846153846,0.25,0.25
0.643866717118882,0.366666666666667,0.538461538461538,0.583333333333333,0.0357142857142857
0.277861864802902,0.244444444444444,0.442307692307692,0.0333333333333333,0.0357142857142857
0.654027644846084,0.333333333333333,0.923076923076923,0.483333333333333,0.0535714285714286
0.483039152402787,0.888888888888889,0.365384615384615,0.35,0.482142857142857
0.000300487457430951,0.366666666666667,0.596153846153846,0.25,0.0357142857142857
0.958922251652681,0.311111111111111,0.673076923076923,0.566666666666667,0.25
0.644723662830814,0.322222222222222,0.807692307692308,0.15,0.0357142857142857
0.505954103323169,0.366666666666667,1,0.2,0.0535714285714286
0.642342021501547,0.5,0.692307692307692,0.15,0.160714285714286
0.393382598437465,0.633333333333333,0.942307692307692,0.583333333333333,0.232142857142857
0.199123021790905,0.588888888888889,0.75,0.333333333333333,0.178571428571429
0.810292251875264,0.266666666666667,0.788461538461539,0,0.0714285714285714
0.685623344536693,0.4,0.826923076923077,0.4,0.0714285714285714
0.879326462928751,0.0777777777777778,0.942307692307692,0.2,0.0535714285714286
0.412235404099984,0.311111111111111,0.173076923076923,0.55,0.0357142857142857
0.337770160482561,0.766666666666667,0.807692307692308,0.316666666666667,0.339285714285714
0.684120907249538,0.733333333333333,0.653846153846154,0.133333333333333,0.392857142857143
0.870389743361453,0.611111111111111,0.480769230769231,0.333333333333333,0.375
0.906793242370957,0.144444444444444,0.596153846153846,0.266666666666667,0.0178571428571429
0.981503327620362,0.288888888888889,0.807692307692308,0.116666666666667,0.339285714285714
0.791595254524005,0.277777777777778,0.596153846153846,0.05,0.0178571428571429
0.405246288423442,0.333333333333333,0.692307692307692,0.483333333333333,0.0178571428571429
0.388007211698978,0.166666666666667,0.711538461538462,0.1,0.0357142857142857
0.559329579094976,0.3,0.884615384615385,0.533333333333333,0.0178571428571429
0.658779798339528,0.311111111111111,0.903846153846154,0.466666666666667,0.0178571428571429
0.244207269570637,0.311111111111111,0.826923076923077,0.283333333333333,0.0357142857142857
0.564938678300354,0.522222222222222,0.519230769230769,0.35,0.107142857142857
0.60846484296748,0.333333333333333,0.134615384615385,0.183333333333333,0.0178571428571429
0.954359293965767,0.311111111111111,0.807692307692308,0.383333333333333,0.267857142857143
0.196184922207136,0.177777777777778,0.769230769230769,0.0333333333333333,0.0357142857142857
0.43301355532308,0.533333333333333,0.0576923076923077,0.4,0.107142857142857
0.727001580341443,0.6,0.615384615384615,0.4,0.267857142857143
0.408251162997752,0.333333333333333,0.576923076923077,0.35,0.0535714285714286
0.688094019186681,0.577777777777778,0.923076923076923,0.65,0.214285714285714
0.397856522803659,0.322222222222222,0.615384615384615,0.616666666666667,0.0535714285714286
0.39488503572462,0.344444444444444,0.826923076923077,0.4,0.0178571428571429
0.894261802479578,0.333333333333333,0.5,0.166666666666667,0.178571428571429
0.0650944866116144,0.0222222222222222,0.461538461538462,0.1,0.0357142857142857
0.634562735103612,0.311111111111111,0.846153846153846,0.616666666666667,0.0535714285714286
0.483350769025308,0.333333333333333,0.653846153846154,0.316666666666667,0.0357142857142857
0.354285841476172,0.377777777777778,0.211538461538462,0.55,0.0357142857142857
0.642419925657177,0.522222222222222,0.115384615384615,0.183333333333333,0.125
0.853974224853651,0.255555555555556,0.673076923076923,0.15,0.107142857142857
0.963340530193425,0.744444444444444,0.211538461538462,0.483333333333333,0.625
0.41409397467002,0.3,0.480769230769231,0.35,0.0357142857142857
0.512386760745209,0.9,0.423076923076923,0.766666666666667,0.482142857142857
0.517161172568834,0.311111111111111,0.25,0.366666666666667,0.0357142857142857
0.990651501324371,0.333333333333333,0.692307692307692,0.533333333333333,0.357142857142857
0.264150733411979,0.255555555555556,0.115384615384615,0.0333333333333333,0
0.184454782202239,0,0.673076923076923,0.15,0.0178571428571429
0.287266009303982,0.322222222222222,0.615384615384615,0.25,0.0535714285714286
0.669608475972132,0.311111111111111,0.961538461538462,0.0833333333333333,0.0178571428571429
0.747367952456207,0.244444444444444,0.653846153846154,0.05,0.0535714285714286
0.290704921316803,0.555555555555556,1,0.266666666666667,0.142857142857143
0.48410755225143,0.577777777777778,0.673076923076923,0.266666666666667,0.178571428571429
0.465521846551072,0.388888888888889,0.980769230769231,0.1,0.0535714285714286
0.0705922941660917,0.677777777777778,0.788461538461539,0.3,0.303571428571429
0.93932379192913,0.288888888888889,0.0576923076923077,0.183333333333333,0.160714285714286
0.118614641529592,0.777777777777778,0.711538461538462,0,0.375
0.578738843011997,0.0666666666666667,0.923076923076923,0.0333333333333333,0.0357142857142857
0.0723173147550471,0.822222222222222,0.192307692307692,0.55,0.428571428571429
0.896042468893984,0.0888888888888889,0.903846153846154,0,0.0357142857142857
0.455828343757651,0.433333333333333,0.076923076923077,0.0166666666666667,0.0535714285714286
0.97145369154406,0.266666666666667,0.788461538461539,0,0.285714285714286
0.0342666993122176,0.755555555555556,0.288461538461538,0.316666666666667,0.375
0.719244552273688,0.355555555555556,0.307692307692308,0.233333333333333,0.0178571428571429
0.0189529681483295,0.311111111111111,0.865384615384616,0.533333333333333,0.0178571428571429
0.653437799096312,0.2,0.346153846153846,0.3,0.0178571428571429
0.502593095465978,0.666666666666667,0.692307692307692,0.166666666666667,0.267857142857143
0.760611658913348,0.0777777777777778,1,0.1,0.0357142857142857
0.831994123800832,0.455555555555556,0.711538461538462,0.233333333333333,0.214285714285714
0.217964698288334,0.477777777777778,0.807692307692308,0.333333333333333,0.0714285714285714
0.240434482605115,0.188888888888889,0.961538461538462,0.0166666666666667,0.0357142857142857
0.193925701693859,0.788888888888889,0.807692307692308,0.4,0.392857142857143
0.183408640683776,0.3,0.884615384615385,0.466666666666667,0.0178571428571429
0.598537627707169,0.355555555555556,0.557692307692308,0,0.0357142857142857
0.34401362209807,0.488888888888889,0.5,0.433333333333333,0.107142857142857
0.457330781044806,0.244444444444444,0.923076923076923,0.0833333333333333,0.0357142857142857
0.178712133015781,0.655555555555556,0.673076923076923,0.25,0.267857142857143
0.831493311371781,0.511111111111111,0.692307692307692,0.45,0.267857142857143
0.467881229550159,0.555555555555556,0.884615384615385,0.566666666666667,0.160714285714286
0.928695439268146,0.333333333333333,0.5,0.166666666666667,0.285714285714286
0.816891846773655,0.233333333333333,0.0961538461538461,0.0833333333333333,0.0178571428571429
0.139070046965077,0.311111111111111,0.980769230769231,0.383333333333333,0.0357142857142857
0.120829345382509,0.422222222222222,0.846153846153846,0.333333333333333,0.0535714285714286
0.513733389721103,0.288888888888889,0.576923076923077,0.0333333333333333,0.0178571428571429
0.0348899325572596,0.588888888888889,0.307692307692308,0.716666666666667,0.196428571428571
0.77389988203085,0.344444444444444,0.346153846153846,0.25,0.0357142857142857
0.418200636588243,0.333333333333333,0.076923076923077,0.466666666666667,0.0357142857142857
0.443096578894651,0.388888888888889,0.807692307692308,0.383333333333333,0.0178571428571429
0.191822289491842,0.266666666666667,0.0961538461538461,0.2,0.0357142857142857
0.0154917978053286,0.466666666666667,0.634615384615385,0.633333333333333,0.0535714285714286
0.969717541790015,0.366666666666667,0.711538461538462,0.2,0.357142857142857
0.822278362677232,0.344444444444444,0.230769230769231,0.483333333333333,0.0357142857142857
0.422785852605338,0.355555555555556,0.923076923076923,0.2,0.0357142857142857
0.543693102143477,0.3,0.769230769230769,0.5,0.0357142857142857
0.188650477441182,0.7,0.615384615384615,0.516666666666667,0.303571428571429
0.213679969728671,0.977777777777778,0.423076923076923,0.75,0.571428571428571
0.370612326663254,0.444444444444444,0.25,0.283333333333333,0.0357142857142857
0.614485721281189,0.188888888888889,0.730769230769231,0.25,0.0178571428571429
0.155340886326708,0.188888888888889,0.519230769230769,0.2,0.0357142857142857
0.484975627128453,0.744444444444444,0.673076923076923,0.516666666666667,0.357142857142857
0.00714492398780244,0.333333333333333,0.903846153846154,0.783333333333333,0.0178571428571429
0.964286509226078,0.0666666666666667,0.596153846153846,0.1,0.0714285714285714
0.453246377456763,0.511111111111111,0.788461538461539,0.516666666666667,0.125
0.937776837981615,0.988888888888889,0.384615384615385,0.683333333333333,0.785714285714286
0.250061210407995,0.433333333333333,0.942307692307692,0.05,0.0178571428571429
0.848687871435885,0.288888888888889,0.576923076923077,0.0666666666666667,0.107142857142857
0.185289469583992,0.288888888888889,0.403846153846154,0.1,0.0357142857142857
0.327420036948828,0.744444444444444,0.307692307692308,0.466666666666667,0.357142857142857
0.317893471631758,0.344444444444444,0.0576923076923077,0.4,0.0535714285714286
0.747534889932557,0.644444444444444,0.942307692307692,0.35,0.339285714285714
0.540677098404078,0.3,0.0576923076923077,0.133333333333333,0.0357142857142857
0.635953880739867,0.388888888888889,0.961538461538462,0.45,0.0178571428571429
0.454248002314866,0.4,0.173076923076923,0.3,0.0357142857142857
0.0402430609655664,0.4,0.288461538461538,0.516666666666667,0.0178571428571429
0.0756115476216974,0.844444444444445,0.0961538461538461,0.95,0.410714285714286
0.969394796002404,0.766666666666667,0.557692307692308,0.716666666666667,0.678571428571429
0.39805684777528,0.733333333333333,0.884615384615385,0.0166666666666667,0.339285714285714
0.687292719300198,0.311111111111111,0.903846153846154,0.533333333333333,0.0535714285714286
0.836456919001936,0.155555555555556,0.788461538461539,0.116666666666667,0.0357142857142857
0.127918623544862,0.344444444444444,0.346153846153846,0.25,0.0357142857142857
0.451454581877268,0.0666666666666667,0.942307692307692,0.15,0.0535714285714286
0.985721281189485,0.244444444444444,0.961538461538462,0,0.303571428571429
0.349845304605249,0.311111111111111,0.211538461538462,0.333333333333333,0
0.101553631446569,0.5,0.230769230769231,0.233333333333333,0.125
0.782836601598148,0.622222222222222,0.711538461538462,0.333333333333333,0.339285714285714
0.419324682262337,0.8,0.461538461538462,0.116666666666667,0.392857142857143
0.644701404500634,0.755555555555556,0.288461538461538,0.433333333333333,0.357142857142857
0.230106617401563,0.8,0.634615384615385,0.4,0.392857142857143
0.772965032163287,0.788888888888889,0.692307692307692,0.183333333333333,0.5
0.888329957486589,0.3,0.961538461538462,0.483333333333333,0.142857142857143
0.723762993300243,0,0.884615384615385,0.266666666666667,0.0178571428571429
0.835477552474013,0.244444444444444,0.269230769230769,0.2,0.0357142857142857
0.943608520488793,0.3,0.788461538461539,0.4,0.25
0.17197898813631,0.311111111111111,0.903846153846154,0.133333333333333,0.0535714285714286
0.895697464776192,0.688888888888889,0.653846153846154,0.316666666666667,0.5
0.25799630511719,0.566666666666667,0.769230769230769,0.433333333333333,0.178571428571429
0.525062879782759,0.333333333333333,0.25,0.333333333333333,0.0357142857142857
0.895864402252543,0.322222222222222,0.865384615384616,0.516666666666667,0.142857142857143
0.500634362410132,0.555555555555556,0.538461538461538,0.516666666666667,0.142857142857143
0.775814098426336,0.733333333333333,0.865384615384616,0.216666666666667,0.446428571428571
0.191644222850402,0.277777777777778,0.980769230769231,0.0166666666666667,0.0357142857142857
0.410143121063058,0.988888888888889,0.0384615384615385,0.5,0.553571428571429
0.5954882364725,0.333333333333333,0.596153846153846,0.55,0.0535714285714286
0.985209339595344,0.166666666666667,0.346153846153846,0.15,0.178571428571429
0.755258530505041,0.711111111111111,0.942307692307692,0.483333333333333,0.375
0.501925345560576,0.411111111111111,0.423076923076923,0.233333333333333,0.0357142857142857
0.788935384067487,0.622222222222222,0.673076923076923,0.35,0.303571428571429
0.868842789413938,0.344444444444444,0.269230769230769,0.233333333333333,0.0714285714285714
0.292530104391569,0.822222222222222,0.173076923076923,0.6,0.392857142857143
0.509292852850179,0.333333333333333,0.211538461538462,0.3,0.0357142857142857
0.690620339662118,0.611111111111111,0.980769230769231,0.233333333333333,0.285714285714286
0.994947359049124,0.577777777777778,0.884615384615385,0.5,0.625
0.418456607385314,0.344444444444444,0.653846153846154,0.433333333333333,0.0357142857142857
0.234602800097937,0.288888888888889,0.807692307692308,0.416666666666667,0.0357142857142857
0.472766933024684,0.533333333333333,1,0.3,0.160714285714286
0.237663320497696,0.566666666666667,0.403846153846154,0.383333333333333,0.160714285714286
0.635953880739867,0.466666666666667,0.884615384615385,0.333333333333333,0.0892857142857143
0.191466156208961,0.588888888888889,0.788461538461539,0.216666666666667,0.196428571428571
0.242326440670421,0.333333333333333,0.692307692307692,0.383333333333333,0.0357142857142857
0.956651901974314,0.311111111111111,0.923076923076923,0.2,0.321428571428571
0.769058695216685,0.833333333333333,0.211538461538462,0.65,0.464285714285714
0.360406882275692,0.722222222222222,0.769230769230769,0.45,0.339285714285714
0.275691677610346,0.266666666666667,0.865384615384616,0.0833333333333333,0.0535714285714286
0.0861508669619605,0.222222222222222,0.365384615384615,0.15,0.0178571428571429
0.881251808489327,0.266666666666667,0.75,0.0166666666666667,0.160714285714286
0.123199857546687,0.433333333333333,0.596153846153846,0.45,0.0357142857142857
0.354096645669642,0.3,0.980769230769231,0.3,0.0357142857142857
0.30875642709284,0.244444444444444,0.826923076923077,0.2,0.0357142857142857
0.296914995437042,0.255555555555556,0.711538461538462,0.05,0.0357142857142857
0.317225721726356,0.3,0.134615384615385,0.25,0.0535714285714286
0.503973111937142,0.344444444444444,0.288461538461538,0.183333333333333,0.0535714285714286
0.16862910944421,0.355555555555556,0.942307692307692,0.433333333333333,0.0357142857142857
0.0982037527544684,0.455555555555556,0.192307692307692,0.5,0.0714285714285714
0.887606561755737,0.766666666666667,0.673076923076923,0.4,0.553571428571429
0.87565383844904,0.655555555555556,0.884615384615385,0.35,0.464285714285714
0.893237919291295,0.633333333333333,0.884615384615385,0.45,0.464285714285714
0.983428673180938,0.222222222222222,0.115384615384615,0.366666666666667,0.214285714285714
0.0806753177376633,0.0111111111111111,0.711538461538462,0.166666666666667,0.0535714285714286
0.00632136577113985,0.366666666666667,0.788461538461539,0.466666666666667,0.0535714285714286
0.882821020767022,0.0444444444444444,0.576923076923077,0.283333333333333,0.0535714285714286
0.85041289202484,0.344444444444444,0.826923076923077,0.233333333333333,0.160714285714286
0.406325817437176,0.333333333333333,0.153846153846154,0.35,0.0535714285714286
0.202550804638636,0.344444444444444,0.730769230769231,0.25,0.0357142857142857
0.510928840118414,0.3,0.807692307692308,0.266666666666667,0.0357142857142857
0.203352104525119,0.5,0.730769230769231,0.416666666666667,0.107142857142857
0.0709595566140628,0.6,0.519230769230769,0.266666666666667,0.196428571428571
0.399080730963563,0.311111111111111,0.423076923076923,0.25,0.0357142857142857
0.104324793553988,0.755555555555556,0.557692307692308,0.2,0.375
0.166948605515614,0.466666666666667,0.673076923076923,0.55,0.0892857142857143
0.40441160104169,0.322222222222222,0.980769230769231,0.383333333333333,0.0357142857142857
0.458054176775658,0.366666666666667,0.961538461538462,0.116666666666667,0.0357142857142857
0.562156387027845,0.311111111111111,0.961538461538462,0.316666666666667,0.0357142857142857
0.358270082578405,0.3,0.711538461538462,0.216666666666667,0.0535714285714286
0.111981659135932,0.355555555555556,0.538461538461538,0.05,0.0535714285714286
0.324570970685779,0.111111111111111,0.673076923076923,0.116666666666667,0.0357142857142857
0.458755314176331,0.444444444444444,0.980769230769231,0.383333333333333,0.0535714285714286
0.236094108220001,0.411111111111111,0.538461538461538,0.116666666666667,0.0357142857142857
0.46186035123645,0.222222222222222,0.673076923076923,0.0166666666666667,0.0535714285714286
0.0513388385603312,0.822222222222222,0.25,0.833333333333333,0.392857142857143
0.440436708438133,0.277777777777778,0.961538461538462,0.0666666666666667,0.0178571428571429
0.629788323279988,0.6,0.769230769230769,0.183333333333333,0.25
0.0209562178645358,0.355555555555556,0.25,0.25,0.0535714285714286
0.270906136621631,0.544444444444445,0.576923076923077,0.133333333333333,0.178571428571429
0.0224252676564204,0.111111111111111,0.788461538461539,0.116666666666667,0.0357142857142857
0.676408395842144,0.544444444444445,0.923076923076923,0.383333333333333,0.178571428571429
0.431978542969706,0.322222222222222,0.461538461538462,0.483333333333333,0
0.098404077726089,0.511111111111111,0.5,0.383333333333333,0.125
0.111035680103279,0.266666666666667,0.365384615384615,0.0666666666666667,0.0178571428571429
0.486311126939257,0.366666666666667,0.75,0.533333333333333,0.0178571428571429
0.858615086696196,0.344444444444444,0.0576923076923077,0.383333333333333,0.0357142857142857
0.100307164956485,0.433333333333333,0.980769230769231,0.283333333333333,0.0357142857142857
0.89506310236606,0.1,0.711538461538462,0.316666666666667,0.0357142857142857
0.0358136532597325,0.322222222222222,0.865384615384616,0.433333333333333,0.0178571428571429
0.0653059407483251,0.277777777777778,0.961538461538462,0.166666666666667,0.0357142857142857
0.521523805284128,0.588888888888889,0.903846153846154,0.266666666666667,0.196428571428571
0.695038618202862,0.311111111111111,0.5,0.283333333333333,0.0178571428571429
0.20070336323369,0.3,0.192307692307692,0.466666666666667,0.0714285714285714
0.659647873216551,0.255555555555556,0.692307692307692,0.0166666666666667,0.0357142857142857
0.428239143499455,0.322222222222222,0.865384615384616,0.283333333333333,0.0357142857142857
0.53184054132259,0.977777777777778,0.269230769230769,0.716666666666667,0.553571428571429
0.386426870256193,0.244444444444444,0.269230769230769,0.35,0.0535714285714286
0.485153693769893,0.122222222222222,0.711538461538462,0.0666666666666667,0.0357142857142857
0.018485543214548,0.277777777777778,0.75,0.0833333333333333,0.0357142857142857
0.848710129766065,0.733333333333333,0.923076923076923,0.133333333333333,0.535714285714286
0.985609989538585,0.344444444444444,0.403846153846154,0.45,0.375
0.426169118792708,0.722222222222222,0.692307692307692,0.466666666666667,0.303571428571429
0.789002159058027,0.277777777777778,0.788461538461539,0.216666666666667,0.0535714285714286
0.304827831816057,0.266666666666667,0.307692307692308,0.05,0.0535714285714286
0.316168451042803,0.877777777777778,0.211538461538462,0.533333333333333,0.5
0.746511006744274,0.477777777777778,0.884615384615385,0.366666666666667,0.178571428571429
0.911790237496383,0.511111111111111,0.826923076923077,0.2,0.410714285714286
0.16869588443475,0.455555555555556,0.538461538461538,0.183333333333333,0.0535714285714286
0.685923831994124,0.333333333333333,0.634615384615385,0.316666666666667,0.0178571428571429
0.191644222850402,0.355555555555556,0.884615384615385,0.366666666666667,0.0535714285714286
0.706635208226679,0.0333333333333333,0.653846153846154,0.0833333333333333,0.0357142857142857
0.187070135998397,0.122222222222222,0.788461538461539,0.0833333333333333,0.0357142857142857
0.803637011151423,0.466666666666667,0.961538461538462,0.25,0.232142857142857
0.474080174505309,0.222222222222222,0.384615384615385,0.05,0.0357142857142857
0.92045985710152,0.355555555555556,0.326923076923077,0.383333333333333,0.214285714285714
0.876488525830792,0.266666666666667,0.288461538461538,0.166666666666667,0.0535714285714286
0.218855031495537,0.333333333333333,0.711538461538462,0.566666666666667,0.0535714285714286
0.0617557370846039,0.811111111111111,0.711538461538462,0.733333333333333,0.410714285714286
0.722472010149798,0.177777777777778,0.576923076923077,0.0833333333333333,0.0357142857142857
0.811839205822779,0.233333333333333,0.769230769230769,0.0166666666666667,0.0357142857142857
0.956729806129944,0.4,0.692307692307692,0.55,0.339285714285714
0.738442362053999,0.266666666666667,0.846153846153846,0.0166666666666667,0.0357142857142857
0.017840051639326,0.533333333333333,0.711538461538462,0.583333333333333,0.142857142857143
0.656531706991342,0.422222222222222,0.692307692307692,0.35,0.0357142857142857
0.852104525118526,0.266666666666667,0.115384615384615,0,0.0357142857142857
0.411144745921161,0.311111111111111,0.653846153846154,0.516666666666667,0.0178571428571429
0.733634562735104,0.3,0.923076923076923,0.316666666666667,0
0.176664366639215,0.244444444444444,0.980769230769231,0.05,0.0357142857142857
0.0990718276314911,0.377777777777778,0.0961538461538461,0.166666666666667,0.0178571428571429
0.888129632514969,0.355555555555556,0.634615384615385,0.3,0.178571428571429
0.430643043158902,0.0666666666666667,0.865384615384616,0.0333333333333333,0.0357142857142857
0.48732388096245,0.311111111111111,0.403846153846154,0.183333333333333,0.0357142857142857
0.584626171344626,0.311111111111111,0.134615384615385,0.333333333333333,0.0178571428571429
0.383611191488415,0.0444444444444444,0.673076923076923,0.0833333333333333,0.0357142857142857
0.471798695661851,0.833333333333333,0.269230769230769,0.716666666666667,0.428571428571429
0.196485409664567,0.411111111111111,0.826923076923077,0.366666666666667,0
0.36295546108131,0.444444444444444,0.826923076923077,0.583333333333333,0.0535714285714286
0.552418367574065,0.266666666666667,0.903846153846154,0.266666666666667,0.0357142857142857
0.861341732143254,0.144444444444444,0.0576923076923077,0.05,0.0535714285714286
0.225499143054288,0.633333333333333,0.5,0.283333333333333,0.232142857142857
0.829323124179224,0.6,0.365384615384615,0.4,0.285714285714286
0.0768134974514212,0.533333333333333,0.307692307692308,0.633333333333333,0.142857142857143
0.746533265074454,0.0555555555555556,0.0961538461538461,0.116666666666667,0.0178571428571429
0.932356934582768,0.344444444444444,0.903846153846154,0.366666666666667,0.25
0.323680637478576,0.377777777777778,0.711538461538462,0.15,0.0357142857142857
0.696852672112538,0.544444444444445,0.615384615384615,0.483333333333333,0.160714285714286
0.18484430298039,0.288888888888889,0.807692307692308,0.15,0.0357142857142857
0.495414783982906,0.288888888888889,0.75,0.133333333333333,0.0178571428571429
0.557003583591159,0.6,0.557692307692308,0.5,0.214285714285714
0.490985376277072,0.322222222222222,0.711538461538462,0.183333333333333,0.0535714285714286
0.0078015447281145,0.322222222222222,0.326923076923077,0.5,0.0178571428571429
0.256861130278007,0.0222222222222222,0.596153846153846,0.283333333333333,0.0535714285714286
0.839573085227146,0.277777777777778,0.615384615384615,0.2,0.0714285714285714
0.0913036703986467,0.266666666666667,0.846153846153846,0.0833333333333333,0.0357142857142857
0.4711865915819,0.455555555555556,0.326923076923077,0.383333333333333,0.0892857142857143
0.152458432568389,0.444444444444444,0.307692307692308,0.466666666666667,0.0535714285714286
0.252531885057983,0.466666666666667,0.826923076923077,0.266666666666667,0.0714285714285714
0.383076991564093,0.522222222222222,0.615384615384615,0.183333333333333,0.160714285714286
0.966100563135754,0.333333333333333,0.75,0.25,0.321428571428571
0.306363656598482,0.0444444444444444,0.846153846153846,0.183333333333333,0.0535714285714286
0.778384935562134,0.366666666666667,0.269230769230769,0.283333333333333,0.0357142857142857
0.313775680548445,0.766666666666667,0.0961538461538461,0.383333333333333,0.357142857142857
0.180192311972756,0.533333333333333,0.25,0.35,0.125
0.977307632381419,0.255555555555556,0.75,0,0.285714285714286
0.516215193536181,0.322222222222222,0.923076923076923,0.2,0.0357142857142857
0.932724197030739,0.611111111111111,0.576923076923077,0.266666666666667,0.482142857142857
0.600629910744096,0.7,0.269230769230769,0.316666666666667,0.285714285714286
0.51916442228504,0.244444444444444,0.173076923076923,0.3,0.0357142857142857
0.827586974425179,0.477777777777778,0.519230769230769,0.45,0.160714285714286
0.467747679569079,0.611111111111111,0.75,0.416666666666667,0.232142857142857
0.446023549313331,0.677777777777778,0.730769230769231,0.333333333333333,0.267857142857143
0.465967013154673,0.0333333333333333,0.769230769230769,0.0666666666666667,0.0357142857142857
0.920604536247691,0.3,0.5,0.216666666666667,0.160714285714286
0.693725376722238,0.166666666666667,0.846153846153846,0.0666666666666667,0.0535714285714286
0.94584548267189,0.555555555555556,0.807692307692308,0.216666666666667,0.517857142857143
0.88544750372827,0.6,0.653846153846154,0.1,0.446428571428571
0.450508602844615,0.688888888888889,0.769230769230769,0.3,0.303571428571429
0.406570659069157,0.511111111111111,0.769230769230769,0.45,0.125
0.794221737485254,0.522222222222222,0.961538461538462,0.233333333333333,0.267857142857143
0.513377256438222,0.577777777777778,0.923076923076923,0.4,0.178571428571429
0.798050170276226,0.322222222222222,0.211538461538462,0.3,0.0535714285714286
0.592794978520711,0.944444444444444,0.0961538461538461,0.533333333333333,0.517857142857143
0.107318538963207,0.766666666666667,0.519230769230769,0.15,0.339285714285714
0.215683219444877,0.244444444444444,0.826923076923077,0.0333333333333333,0.0535714285714286
0.501090658178823,0.311111111111111,0.384615384615385,0.416666666666667,0.0178571428571429
0.217363723373473,0.355555555555556,0.75,0.233333333333333,0.0178571428571429
0.633394172769159,0.455555555555556,1,0.233333333333333,0.107142857142857
0.914939791216863,0.455555555555556,0.653846153846154,0.483333333333333,0.303571428571429
0.627874106884502,0.666666666666667,0.653846153846154,0.266666666666667,0.285714285714286
0.573875397867652,0.311111111111111,0.75,0.45,0.0357142857142857
0.0161706768758208,0.266666666666667,0.653846153846154,0.233333333333333,0.0357142857142857
0.981714781757072,0.344444444444444,0.173076923076923,0.516666666666667,0.357142857142857
0.325082912279921,0.288888888888889,0.288461538461538,0.116666666666667,0.0535714285714286
0.280633026910321,0.711111111111111,0.423076923076923,0.516666666666667,0.321428571428571
0.991107797093062,0.5,0.557692307692308,0.283333333333333,0.553571428571429
0.179635853718254,0.155555555555556,0.634615384615385,0.0833333333333333,0.0535714285714286
0.188884189908073,0.266666666666667,0.730769230769231,0.183333333333333,0.0535714285714286
0.849088521379126,0.266666666666667,0.865384615384616,0.133333333333333,0.0892857142857143
0.342066018207314,0.333333333333333,0.884615384615385,0.0833333333333333,0.0178571428571429
0.17822244975182,0.333333333333333,0.961538461538462,0.45,0.0178571428571429
0.489482938989917,0.477777777777778,0.788461538461539,0.283333333333333,0.107142857142857
0.955038173036259,0.444444444444444,0.788461538461539,0.316666666666667,0.392857142857143
0.294433191621965,0.366666666666667,1,0.483333333333333,0.0535714285714286
0.545039731119371,0.355555555555556,0.442307692307692,0.55,0.0357142857142857
0.562189774523115,0.677777777777778,0.807692307692308,0.5,0.285714285714286
0.715416119482716,0.688888888888889,0.711538461538462,0.583333333333333,0.339285714285714
0.132014156297995,0.322222222222222,0.865384615384616,0.366666666666667,0.0535714285714286
0.771139849088521,0.355555555555556,0.615384615384615,0.0833333333333333,0.0892857142857143
0.99354508424778,0.6,0.692307692307692,0.433333333333333,0.625
0.187281590135108,0.266666666666667,0.711538461538462,0.15,0.0535714285714286
0.644345271217753,0.266666666666667,0.865384615384616,0.0166666666666667,0
0.855376499654996,0.144444444444444,0.807692307692308,0.133333333333333,0.0178571428571429
0.467625258753088,0.266666666666667,0.384615384615385,0.05,0.0714285714285714
0.0949874240434483,0.644444444444444,0.076923076923077,0.216666666666667,0.232142857142857
0.69431522247201,0.288888888888889,0.923076923076923,0.516666666666667,0.0178571428571429
0.0274222627818461,0.611111111111111,0.326923076923077,0.466666666666667,0.196428571428571
0.0903576913659937,0.555555555555556,0.884615384615385,0.4,0.160714285714286
0.191633093685312,0.355555555555556,0.653846153846154,0.283333333333333,0.0535714285714286
0.87251541389365,0.244444444444444,0.596153846153846,0.0666666666666667,0.107142857142857
0.0935628909119238,0.766666666666667,0.769230769230769,0.716666666666667,0.357142857142857
0.0213012219823269,0.455555555555556,0.173076923076923,0.283333333333333,0.0714285714285714
0.984864335477552,0.388888888888889,0.615384615384615,0.35,0.410714285714286
0.331882832149932,0.433333333333333,0.557692307692308,0.233333333333333,0.0357142857142857
0.523716250806865,0.5,0.269230769230769,0.266666666666667,0.0892857142857143
0.0741758853250829,0.633333333333333,0.807692307692308,0.35,0.25
0.352783404189018,0.244444444444444,0.134615384615385,0.166666666666667,0.0357142857142857
0.218610189863556,0.355555555555556,0.346153846153846,0.316666666666667,0.0178571428571429
0.754479488948739,0.322222222222222,0.807692307692308,0.283333333333333,0.0535714285714286
0.419090969795446,0.5,0.653846153846154,0.183333333333333,0.125
0.656464932000801,0.544444444444445,0.846153846153846,0.55,0.178571428571429
0.988247601664923,0.555555555555556,1,0.466666666666667,0.571428571428571
0.536804148952746,0.255555555555556,0.596153846153846,0.1,0.0178571428571429
0.813241480624124,0.266666666666667,0.653846153846154,0.266666666666667,0.0357142857142857
0.998497562712845,0.322222222222222,0.634615384615385,0.183333333333333,0.392857142857143
0.540376610946647,0.511111111111111,0.634615384615385,0.333333333333333,0.125
0.42359828165691,0.488888888888889,0.0384615384615385,0.183333333333333,0.0892857142857143
0.828243595165491,0.311111111111111,1,0.283333333333333,0.107142857142857
0.334164310993389,0.355555555555556,1,0.65,0.0178571428571429
0.814410042958577,0.466666666666667,0.538461538461538,0.4,0.142857142857143
0.602288156342511,0.322222222222222,0.692307692307692,0.35,0.0535714285714286
0.329467803325395,0.0111111111111111,0.730769230769231,0.1,0.0178571428571429
0.229772742448862,0.333333333333333,0.692307692307692,0.4,0.0357142857142857
0.924310548222672,0.288888888888889,0.980769230769231,0.0166666666666667,0.25
0.760645046408618,0.333333333333333,0.807692307692308,0.5,0.0357142857142857
0.221470385291695,0.133333333333333,0.846153846153846,0.0833333333333333,0.0357142857142857
0.935261646671267,0.333333333333333,0.25,0.25,0.232142857142857
0.756404834509315,0.344444444444444,0.403846153846154,0.55,0.0357142857142857
0.827787299396799,0.522222222222222,0.788461538461539,0.116666666666667,0.321428571428571
0.667416030449396,0.711111111111111,0.865384615384616,0.166666666666667,0.375
0.769203374362855,0.277777777777778,0.846153846153846,0.1,0.0535714285714286
0.46186035123645,0.344444444444444,0.826923076923077,0.05,0.0535714285714286
0.802869098760211,0.477777777777778,0.673076923076923,0.216666666666667,0.232142857142857
0.927816235226033,0.311111111111111,0.903846153846154,0.466666666666667,0.214285714285714
0.0598192623589378,0.466666666666667,0.865384615384616,0.25,0.0892857142857143
0.957019164422285,0.355555555555556,0.788461538461539,0.266666666666667,0.321428571428571
0.798617757695818,0.333333333333333,0.25,0.216666666666667,0.0714285714285714
0.970886104124469,0.444444444444444,0.75,0.433333333333333,0.464285714285714
0.469773187615465,0.4,0.519230769230769,0.483333333333333,0.0357142857142857
0.664733901662697,0.322222222222222,0.519230769230769,0.183333333333333,0.0535714285714286
0.917699824159191,0.422222222222222,0.826923076923077,0.25,0.321428571428571
0.497317871213302,0.722222222222222,0.365384615384615,0.5,0.303571428571429
0.400549780755448,0.711111111111111,0.557692307692308,0.266666666666667,0.303571428571429
0.845059763616533,0.122222222222222,0.903846153846154,0.216666666666667,0
0.0924499744029203,0.533333333333333,0.076923076923077,0.2,0.142857142857143
0.15934738575912,0.866666666666667,0.230769230769231,0.916666666666667,0.464285714285714
0.508513811293877,0.755555555555556,0.807692307692308,0.316666666666667,0.375
0.868453268635787,0.622222222222222,0.576923076923077,0.0833333333333333,0.464285714285714
0.0606539497406905,0.288888888888889,0.903846153846154,0.15,0.0178571428571429
0.355398757985176,0.333333333333333,0.884615384615385,0.35,0.0357142857142857
0.718910677320987,0.3,0.807692307692308,0.316666666666667,0.0357142857142857
0.355576824626616,0.344444444444444,0.692307692307692,0.483333333333333,0.0178571428571429
0.602399447993411,0.677777777777778,0.846153846153846,0.433333333333333,0.303571428571429
0.13688873060743,0.333333333333333,1,0.583333333333333,0.0357142857142857
0.481303002648741,0.322222222222222,0.403846153846154,0.183333333333333,0.0178571428571429
0.369977964253122,0.322222222222222,0.634615384615385,0.466666666666667,0.0357142857142857
0.5957108197743,0.311111111111111,0.942307692307692,0.2,0.0178571428571429
0.491319251229773,0.622222222222222,0.807692307692308,0.433333333333333,0.196428571428571
0.211776882498275,0.622222222222222,0.269230769230769,0.35,0.214285714285714
0.712311082422597,0.844444444444445,0.519230769230769,0.666666666666667,0.464285714285714
0.355710374607697,0.266666666666667,0.653846153846154,0.116666666666667,0.0535714285714286
0.932590647049658,0.577777777777778,0.961538461538462,0.183333333333333,0.5
0.847875442384312,0.3,0.980769230769231,0.133333333333333,0.125
0.144901729472255,0.333333333333333,0.615384615384615,0.433333333333333,0.0357142857142857
0.683419769848866,0.288888888888889,0.365384615384615,0.333333333333333,0.0535714285714286
0.0765686558194404,0.6,0.384615384615385,0.483333333333333,0.178571428571429
0.806096556636321,0.122222222222222,0.961538461538462,0.316666666666667,0.0357142857142857
0.80565139003272,0.311111111111111,0.903846153846154,0.216666666666667,0.107142857142857
0.169285730184522,0.322222222222222,0.076923076923077,0.516666666666667,0.0357142857142857
0.982093173370134,0.277777777777778,0.730769230769231,0.0833333333333333,0.321428571428571
0.767756582901151,0.0555555555555556,0.653846153846154,0.233333333333333,0.0357142857142857
0.427404456117702,0,0.403846153846154,0.0166666666666667,0.0178571428571429
0.724386226545285,0.722222222222222,0.269230769230769,0.65,0.321428571428571
0.658479310882098,0.133333333333333,0.846153846153846,0.233333333333333,0.0357142857142857
0.511696752509627,0.266666666666667,0.923076923076923,0,0.0535714285714286
0.800498586596033,0.311111111111111,0.673076923076923,0.183333333333333,0.0714285714285714
0.0484229973067421,0.266666666666667,0.5,0.1,0.0357142857142857
0.160004006499432,0.344444444444444,0.692307692307692,0.533333333333333,0.0357142857142857
0.580708705232933,0.266666666666667,0.192307692307692,0.05,0.0357142857142857
0.89474035657845,0.933333333333333,0.519230769230769,0.983333333333333,0.625
0.462160838693881,0.322222222222222,0.692307692307692,0.166666666666667,0.0357142857142857
0.836045139893605,0.333333333333333,0.769230769230769,0.55,0.0535714285714286
0.0536203174037884,0.622222222222222,0.653846153846154,0.533333333333333,0.232142857142857
0.768235137000022,0.666666666666667,0.307692307692308,0.416666666666667,0.303571428571429
0.404756605159481,0.333333333333333,0.673076923076923,0.0166666666666667,0.0357142857142857
0.339450664411156,0.344444444444444,0.865384615384616,0.516666666666667,0.0357142857142857
0.874874796892737,0.155555555555556,0.730769230769231,0.05,0.0178571428571429
0.953168473301133,0.333333333333333,0.692307692307692,0.6,0.267857142857143
0.779041556302446,0.211111111111111,0.134615384615385,0.183333333333333,0.0357142857142857
0.77404456117702,0.822222222222222,0.211538461538462,0.583333333333333,0.464285714285714
0.187481915106729,0.7,0.769230769230769,0.216666666666667,0.303571428571429
0.40115075567031,0.7,0.211538461538462,0.266666666666667,0.285714285714286
0.423954414939791,0.644444444444444,0.865384615384616,0.683333333333333,0.25
0.429096089211387,0.677777777777778,0.884615384615385,0.483333333333333,0.267857142857143
0.961059051349968,0.344444444444444,0.442307692307692,0.733333333333333,0.267857142857143
0.916052707725866,0.711111111111111,0.5,0.6,0.517857142857143
0.997852071137623,0.966666666666667,0.442307692307692,0.0166666666666667,1
0.74834731898413,0.333333333333333,0.230769230769231,0.266666666666667,0.0535714285714286
0.8313597613907,0.388888888888889,0.384615384615385,0.433333333333333,0.0892857142857143
0.346306230106617,0.355555555555556,0.673076923076923,0.333333333333333,0.0357142857142857
0.209606695305718,0.277777777777778,0.634615384615385,0.2,0.0535714285714286
0.726500767912391,0.722222222222222,0.923076923076923,0.35,0.392857142857143
0.774089077837381,0.311111111111111,0.730769230769231,0.383333333333333,0.0357142857142857
0.468582366950831,0.766666666666667,0.230769230769231,0.316666666666667,0.357142857142857
0.612426825739533,0.277777777777778,0.134615384615385,0.0833333333333333,0.0535714285714286
0.0414783982905603,0.344444444444444,0.730769230769231,0.733333333333333,0.0178571428571429
0.18157232844392,0.3,1,0.116666666666667,0.0357142857142857
0.657132681906203,0.277777777777778,0.153846153846154,0.283333333333333,0.0535714285714286
0.448761323925479,0.566666666666667,0.173076923076923,0.483333333333333,0.142857142857143
0.57949562623812,0.222222222222222,0.326923076923077,0,0.0357142857142857
0.489827943107708,0.344444444444444,0.942307692307692,0.35,0.0535714285714286
0.419936786342289,0.477777777777778,0.884615384615385,0.1,0.0714285714285714
0.809168206201171,0.855555555555556,0.692307692307692,0.55,0.571428571428571
0.059229416609166,0.322222222222222,0.826923076923077,0.383333333333333,0.0357142857142857
0.277661539831282,0.344444444444444,0.653846153846154,0.416666666666667,0.0357142857142857
0.149987757918401,0.355555555555556,0.865384615384616,0.3,0.0357142857142857
0.339584214392236,0.233333333333333,0.769230769230769,0.116666666666667,0.0178571428571429
0.213913682195562,0.322222222222222,0.961538461538462,0.433333333333333,0.0357142857142857
0.850735637812451,0.0666666666666667,1,0.25,0.0535714285714286
0.0236383466512342,0.0888888888888889,1,0.05,0.0357142857142857
0.352694370868297,0.344444444444444,0.538461538461538,0.383333333333333,0.0357142857142857
0.871157655752665,0.322222222222222,0.403846153846154,0.55,0.0357142857142857
0.394361964965388,0.322222222222222,0.75,0.0666666666666667,0
0.610078571905536,0.222222222222222,0.846153846153846,0,0.0535714285714286
0.407171633984019,0.288888888888889,0.134615384615385,0.2,0.0535714285714286
0.0884212166403276,0.488888888888889,0.730769230769231,0.333333333333333,0.0892857142857143
0.667894584548267,0.711111111111111,0.903846153846154,0.216666666666667,0.375
0.884813141318138,0.266666666666667,0.807692307692308,0.1,0.142857142857143
0.273599394573419,0.333333333333333,0.480769230769231,0.35,0.0535714285714286
0.167416030449396,0.366666666666667,0.865384615384616,0.283333333333333,0.0178571428571429
0.393349210942195,0.133333333333333,0.884615384615385,0.0833333333333333,0.0357142857142857
0.488648251608164,0.311111111111111,0.653846153846154,0.566666666666667,0.0357142857142857
0.548189284839851,0.311111111111111,0.923076923076923,0.45,0.0178571428571429
0.769425957664656,0.333333333333333,0.269230769230769,0.283333333333333,0.0178571428571429
0.127974269370312,0.277777777777778,0.865384615384616,0.25,0.0357142857142857
0.475148574353952,0.3,0.692307692307692,0.1,0.0357142857142857
0.579350947091949,0.322222222222222,0.653846153846154,0.2,0.0178571428571429
0.159391902419481,0.355555555555556,0.653846153846154,0.0333333333333333,0.0357142857142857
0.173692879560175,0.544444444444445,0.961538461538462,0.1,0.160714285714286
0.125837469673025,0.655555555555556,0.326923076923077,0.5,0.267857142857143
0.574988314376655,0.477777777777778,0.576923076923077,0.333333333333333,0.0892857142857143
0.169608475972133,0.466666666666667,0.75,0.3,0.0714285714285714
0.36298884857658,0.344444444444444,0.961538461538462,0.65,0.0357142857142857
0.127885236049592,0.288888888888889,0.807692307692308,0.116666666666667,0.0714285714285714
0.881196162663877,0.244444444444444,0.711538461538462,0.75,0.0535714285714286
0.0740423353440025,0.333333333333333,0.846153846153846,0.566666666666667,0.0535714285714286
0.482315756671934,0.366666666666667,0.346153846153846,0.283333333333333,0.0357142857142857
0.0825227591426091,0.111111111111111,0.826923076923077,0.0166666666666667,0.0357142857142857
0.451844102655419,0.122222222222222,0.365384615384615,0.0333333333333333,0.0357142857142857
0.671622854853429,0.277777777777778,0.807692307692308,0.0666666666666667,0.0357142857142857
0.500623233245042,0.311111111111111,0.615384615384615,0.266666666666667,0.0178571428571429
0.763872504284729,0.377777777777778,0.211538461538462,0.266666666666667,0.0357142857142857
0.0936630533977341,0.266666666666667,0.403846153846154,0.25,0.0178571428571429
0.435729071605048,0.311111111111111,0.288461538461538,0.0333333333333333,0.0357142857142857
0.561288312150822,0.944444444444444,0.134615384615385,0.716666666666667,0.553571428571429
0.0336100785719056,0.766666666666667,0.0576923076923077,0.25,0.357142857142857
0.738164132926748,0.844444444444445,0.423076923076923,0.2,0.5
0.906003071649565,0.611111111111111,0.365384615384615,0.0833333333333333,0.482142857142857
0.163064526899192,0.355555555555556,0.692307692307692,0.15,0.0535714285714286
0.364580319184455,0.0222222222222222,0.653846153846154,0.133333333333333,0.0357142857142857
0.0438822979500078,0.355555555555556,0.961538461538462,0.166666666666667,0.0535714285714286
0.185211565428362,0.377777777777778,0.807692307692308,0.15,0.0178571428571429
0.110957775947648,0.988888888888889,0.442307692307692,0.833333333333333,0.571428571428571
0.921105348676742,0.511111111111111,0.653846153846154,0.1,0.446428571428571
0.872871547176531,0.311111111111111,0.423076923076923,0.433333333333333,0.0714285714285714
0.864769514990985,0.333333333333333,0.115384615384615,0.183333333333333,0.0714285714285714
0.655585727958689,0.466666666666667,0.788461538461539,0.283333333333333,0.107142857142857
0.0499031762637167,0.888888888888889,0.538461538461538,0.883333333333333,0.482142857142857
0.898724597680682,0.277777777777778,0.942307692307692,0.333333333333333,0.142857142857143
0.599194248447481,0.655555555555556,1,0.25,0.285714285714286
0.310325639370534,0.188888888888889,0.442307692307692,0.0333333333333333,0.0178571428571429
0.053186279965277,0.666666666666667,0.788461538461539,0.266666666666667,0.267857142857143
0.568321944487725,0.255555555555556,0.807692307692308,0.316666666666667,0.0535714285714286
0.703062746232778,0.122222222222222,0.903846153846154,0.55,0.0535714285714286
0.574264918645803,0.388888888888889,0.807692307692308,0.133333333333333,0.0178571428571429
0.179936341175685,0.2,0.634615384615385,0.116666666666667,0.0535714285714286
0.989438422329557,0.811111111111111,0.653846153846154,0.566666666666667,0.857142857142857
0.764862999977742,0.322222222222222,0.653846153846154,0.466666666666667,0.0357142857142857
0.989393905669197,0.3,0.461538461538462,0.533333333333333,0.321428571428571
0.283738063970441,0.611111111111111,0.923076923076923,0.45,0.214285714285714
0.617624145836579,0.322222222222222,0.230769230769231,0.25,0.0357142857142857
0.220602310414673,0.266666666666667,0.865384615384616,0.05,0.0357142857142857
0.876354975849712,0.911111111111111,0.576923076923077,0.783333333333333,0.625
0.169085405212901,0.333333333333333,0.692307692307692,0.583333333333333,0.0535714285714286
0.438055067108865,0.0444444444444444,0.192307692307692,0.216666666666667,0.0178571428571429
0.88860818661384,0.355555555555556,0.442307692307692,0.5,0.107142857142857
0.975259866004852,0.466666666666667,0.673076923076923,0.583333333333333,0.446428571428571
0.611102455093819,0.655555555555556,0.865384615384616,0.45,0.303571428571429
0.207581187259332,0.333333333333333,0.673076923076923,0.216666666666667,0.0535714285714286
0.030237941549625,0.0555555555555556,0.865384615384616,0.283333333333333,0.0535714285714286
0.626505219578427,0.711111111111111,0.307692307692308,0.133333333333333,0.339285714285714
0.73582700825784,0.177777777777778,0.692307692307692,0.0666666666666667,0.0535714285714286
0.544026977096178,0.322222222222222,0.730769230769231,0.283333333333333,0.0714285714285714
0.617434950030049,0.3,0.673076923076923,0.133333333333333,0.0357142857142857
0.122031295212233,0.222222222222222,0.711538461538462,0.183333333333333,0.0357142857142857
0.0314621497095288,0.333333333333333,0.961538461538462,0.766666666666667,0.0357142857142857
0.991586351191934,0.288888888888889,0.923076923076923,0.25,0.339285714285714
0.289347163175819,0.311111111111111,0.673076923076923,0.3,0
0.566663698889309,0.311111111111111,0.5,0.516666666666667,0.0357142857142857
0.701315467313642,0.611111111111111,0.442307692307692,0.416666666666667,0.25
0.0196874930442718,0.3,0.923076923076923,0.0666666666666667,0.0178571428571429
0.672680125536982,0.766666666666667,0.288461538461538,0.25,0.375
0.723551539163532,0.333333333333333,1,0.483333333333333,0.0178571428571429
0.956351414516883,0.588888888888889,0.115384615384615,0.0833333333333333,0.535714285714286
0.0620005787165847,0.888888888888889,0.230769230769231,0.5,0.464285714285714
0.359538807398669,0.655555555555556,0.173076923076923,0.266666666666667,0.267857142857143
0.272219378102255,0.511111111111111,0.653846153846154,0.466666666666667,0.107142857142857
0.777650410666192,0.311111111111111,0.673076923076923,0.3,0.0357142857142857
0.33436463596501,0.311111111111111,0.942307692307692,0.183333333333333,0.0357142857142857
0.564337703385492,0.288888888888889,0.807692307692308,0.05,0.0357142857142857
0.19415941416075,0.566666666666667,0.634615384615385,0.0833333333333333,0.196428571428571
0.817025396754735,0.255555555555556,0.730769230769231,0.183333333333333,0.0535714285714286
0.249527010483674,0.311111111111111,0.730769230769231,0.1,0.0178571428571429
0.336979989761168,0.6,0.923076923076923,0.3,0.196428571428571
0.827075032831037,0.688888888888889,0.673076923076923,0.416666666666667,0.410714285714286
0.0860395753110602,0.3,0.211538461538462,0.366666666666667,0.0357142857142857
0.0728181271840986,0.222222222222222,0.980769230769231,0.3,0.0535714285714286
0.174371758630668,0.455555555555556,1,0.216666666666667,0.0535714285714286
0.171311238230908,0.777777777777778,0.596153846153846,0.333333333333333,0.375
0.38216440002671,0.233333333333333,0.884615384615385,0.316666666666667,0.0357142857142857
0.479054911300554,0.677777777777778,0.923076923076923,0.4,0.267857142857143
0.0887105749326686,0.644444444444444,0.769230769230769,0.416666666666667,0.267857142857143
0.618792708171033,0.0555555555555556,0.903846153846154,0.0333333333333333,0.0178571428571429
0.0450063436241013,0.333333333333333,0.884615384615385,0.116666666666667,0.0178571428571429
0.440648162574844,0.355555555555556,0.653846153846154,0.183333333333333,0.0357142857142857
0.119783203864046,0.611111111111111,0.942307692307692,0.633333333333333,0.214285714285714
0.836301110690676,0.344444444444444,0.807692307692308,0.25,0.160714285714286
0.253244151623745,0.488888888888889,0.230769230769231,0.25,0.0714285714285714
0.0763683308478198,0.322222222222222,0.25,0.433333333333333,0.0178571428571429
0.22606673047388,0.411111111111111,0.730769230769231,0.416666666666667,0.0357142857142857
0.289458454826719,0.311111111111111,0.942307692307692,0.316666666666667,0.0535714285714286
0.780065439490729,0.322222222222222,0.288461538461538,0.283333333333333,0.0357142857142857
0.0081799363411757,0.322222222222222,0.596153846153846,0.416666666666667,0.0357142857142857
0.327698266076079,0.3,0.903846153846154,0.283333333333333,0.0178571428571429
0.0452845727513522,0.811111111111111,0.192307692307692,0.4,0.410714285714286
0.827364391123378,0.288888888888889,0.711538461538462,0.05,0.107142857142857
0.639003271974536,0.611111111111111,0.884615384615385,0.383333333333333,0.232142857142857
0.243784361297216,0.811111111111111,0.269230769230769,0.1,0.410714285714286
0.166269726445122,0.277777777777778,0.576923076923077,0,0.0178571428571429
0.185434148730162,0.133333333333333,0.384615384615385,0.116666666666667,0.0357142857142857
0.564894161639994,0.788888888888889,0.0576923076923077,0.0666666666666667,0.410714285714286
0.268847241079974,0.811111111111111,0.653846153846154,0.5,0.392857142857143
0.221948939390567,0.255555555555556,0.134615384615385,0.216666666666667,0.0357142857142857
0.982716406615176,0.877777777777778,0.211538461538462,0.766666666666667,0.821428571428571
0.492120551116255,0.5,0.75,0.633333333333333,0.0892857142857143
0.0688895319073163,0.333333333333333,0.807692307692308,0.533333333333333,0.0714285714285714
0.182818794934004,0.677777777777778,0.115384615384615,0.3,0.25
0.125303269748703,0.833333333333333,0.423076923076923,0.783333333333333,0.428571428571429
0.006688628219111,0.255555555555556,0.846153846153846,0.4,0.0535714285714286
0.365470652391658,0.433333333333333,0.461538461538462,0.6,0.0357142857142857
0.917365949206491,0.333333333333333,0.961538461538462,0.116666666666667,0.267857142857143
0.0795735303937499,0.766666666666667,0.346153846153846,0.283333333333333,0.357142857142857
0.946746945044183,0.355555555555556,0.903846153846154,0.15,0.321428571428571
0.704910187637723,0.3,0.942307692307692,0.05,0.0535714285714286
0.245887773499232,0.277777777777778,0.769230769230769,0.216666666666667,0.0178571428571429
0.82496049146393,0.2,0.788461538461539,0.133333333333333,0.0178571428571429
0.789970396420861,0.322222222222222,0.942307692307692,0.55,0.0357142857142857
0.683141540721615,0.588888888888889,0.826923076923077,0.25,0.25
0.730318071538273,0.333333333333333,0.923076923076923,0.483333333333333,0.0535714285714286
0.280065439490729,0.255555555555556,0.615384615384615,0.316666666666667,0.0357142857142857
0.44258463730051,0.755555555555556,0.346153846153846,0.333333333333333,0.339285714285714
0.959033543303581,0.366666666666667,0.807692307692308,0.116666666666667,0.375
0.534556057604558,0.744444444444444,0.480769230769231,0.35,0.357142857142857
0.87907049213168,0.322222222222222,0.903846153846154,0.216666666666667,0.196428571428571
0.185934961159214,0.4,0.346153846153846,0.383333333333333,0.0357142857142857
0.767856745386961,0.888888888888889,0.211538461538462,0.866666666666667,0.517857142857143
0.0163932601776215,0.344444444444444,0.980769230769231,0.366666666666667,0.0535714285714286
0.55742649186458,0.266666666666667,0.346153846153846,0.0833333333333333,0.0357142857142857
0.431622409686825,0.311111111111111,0.153846153846154,0.166666666666667,0.0178571428571429
0.715594186124157,0.866666666666667,0.5,1,0.464285714285714
0.142386538161907,0.322222222222222,0.461538461538462,0.3,0.0535714285714286
0.0638146326262604,0.1,0.903846153846154,0.0333333333333333,0.0178571428571429
0.329323124179224,0.677777777777778,0.923076923076923,0.283333333333333,0.285714285714286
0.424622164845193,0.866666666666667,0.269230769230769,0.883333333333333,0.464285714285714
0.181349745142119,0.388888888888889,0.615384615384615,0.433333333333333,0.0535714285714286
0.0367930197876555,0.355555555555556,0.230769230769231,0.366666666666667,0.0357142857142857
0.786909876021101,0.3,0.865384615384616,0.0833333333333333,0.0714285714285714
0.371647339016627,0.322222222222222,0.192307692307692,0.283333333333333,0.0357142857142857
0.718944064816257,0.233333333333333,0.557692307692308,0.3,0.0178571428571429
0.780777706056492,0.322222222222222,0.942307692307692,0.583333333333333,0.0178571428571429
0.239477374407372,0.344444444444444,0.673076923076923,0.316666666666667,0.0535714285714286
0.877946446457587,0.333333333333333,0.711538461538462,0.25,0.178571428571429
0.613027800654395,0.311111111111111,0.480769230769231,0.233333333333333,0.0357142857142857
0.125982148819196,0.444444444444444,0.711538461538462,0.2,0.0535714285714286
0.743650811316135,0.311111111111111,0.346153846153846,0.25,0.0535714285714286
0.403499009504307,0.377777777777778,0.711538461538462,0.216666666666667,0.0535714285714286
0.252498497562713,0.344444444444444,0.653846153846154,0.35,0.0535714285714286
0.840307610123089,0.577777777777778,0.692307692307692,0.3,0.339285714285714
0.57317426046698,0.522222222222222,0.846153846153846,0.183333333333333,0.160714285714286
0.0869966835088032,0.3,0.980769230769231,0.116666666666667,0.0357142857142857
0.698700113517484,0.511111111111111,0.461538461538462,0.466666666666667,0.142857142857143
0.342577959801456,0.366666666666667,0.961538461538462,0.0833333333333333,0.0535714285714286
0.849934337925969,0.833333333333333,0.653846153846154,0.316666666666667,0.571428571428571
0.420604536247691,0.333333333333333,0.865384615384616,0.45,0.0357142857142857
0.335199323346763,0.766666666666667,0.673076923076923,0.316666666666667,0.375
0.765174616600263,0.311111111111111,0.730769230769231,0.366666666666667,0.0357142857142857
0.066240790615888,0.288888888888889,0.442307692307692,0.316666666666667,0.0535714285714286
0.946980657511074,0.788888888888889,0.692307692307692,0.3,0.714285714285714
0.768190620339662,0.4,0.0961538461538461,0.233333333333333,0.0357142857142857
0.00783493222338461,0.688888888888889,0.730769230769231,0.583333333333333,0.285714285714286
0.966044917310303,0.255555555555556,0.307692307692308,0.3,0.214285714285714
0.876299330024262,0.311111111111111,0.653846153846154,0.366666666666667,0.107142857142857
0.435573263293788,0.277777777777778,0.807692307692308,0.266666666666667,0.0535714285714286
0.908707458766443,0.5,0.903846153846154,0.233333333333333,0.392857142857143
0.537794644645759,0.7,0.615384615384615,0.783333333333333,0.321428571428571
0.789291517350368,0.311111111111111,0.5,0.466666666666667,0.0178571428571429
0.760021813163577,0.333333333333333,0.0384615384615385,0.333333333333333,0.0357142857142857
0.65913593162241,0.0777777777777778,0.288461538461538,0.2,0.0535714285714286
0.638335522069134,0.3,0.076923076923077,0.3,0
0.886949941015425,0.333333333333333,0.615384615384615,0.383333333333333,0.160714285714286
0.87899258797605,0.311111111111111,0.903846153846154,0.383333333333333,0.125
0.733879404367084,0.333333333333333,0.134615384615385,0.483333333333333,0.0535714285714286
0.291227992076035,0.311111111111111,0.269230769230769,0.116666666666667,0.0178571428571429
0.615364925323302,0.344444444444444,0.634615384615385,0.483333333333333,0.0535714285714286
0.515536314465689,0.888888888888889,0.134615384615385,0.816666666666667,0.446428571428571
0.168562334453669,0.3,0.115384615384615,0.45,0.0357142857142857
0.931110468092684,0.322222222222222,0.442307692307692,0.3,0.196428571428571
0.935172613350546,0.7,0.846153846153846,0.466666666666667,0.607142857142857
0.297259999554833,0.311111111111111,0.576923076923077,0.15,0.0535714285714286
0.552418367574065,0.266666666666667,0.923076923076923,0.2,0.0535714285714286
0.349789658779798,0.266666666666667,0.403846153846154,0.116666666666667,0.0178571428571429
0.0352015491797805,0.311111111111111,0.653846153846154,0.266666666666667,0.0535714285714286
0.561121374674472,0.666666666666667,0.5,0.35,0.25
0.561388474636633,0.577777777777778,0.807692307692308,0.35,0.214285714285714
0.608642909608921,0.777777777777778,0.307692307692308,0.15,0.392857142857143
0.860707369733123,0.322222222222222,0.807692307692308,0.166666666666667,0.178571428571429
0.562256549513655,0.677777777777778,0.153846153846154,0.333333333333333,0.285714285714286
0.838081777105082,0.277777777777778,0.942307692307692,0.166666666666667,0.0714285714285714
0.925412335566586,0.5,0.211538461538462,0.4,0.321428571428571
0.558305695906693,0.233333333333333,0.365384615384615,0.1,0.0357142857142857
0.753032697487034,0.844444444444445,0.692307692307692,0.883333333333333,0.482142857142857
0.760622788078438,0.344444444444444,0.942307692307692,0.116666666666667,0.0892857142857143
0.0720836022881564,0.222222222222222,0.673076923076923,0.0833333333333333,0.0357142857142857
0.0929507868319719,0.555555555555556,0.653846153846154,0.183333333333333,0.160714285714286
0.223117501725021,0.233333333333333,0.288461538461538,0.0166666666666667,0.0357142857142857
0.19729783871614,0.533333333333333,0.961538461538462,0.116666666666667,0.125
0.0703474525341109,0.688888888888889,0.807692307692308,0.416666666666667,0.321428571428571
0.0474992766042692,0.333333333333333,0.961538461538462,0.633333333333333,0.0357142857142857
0.671656242348699,0.611111111111111,0.730769230769231,0.283333333333333,0.267857142857143
0.832784294522225,0.1,0.884615384615385,0.2,0.0357142857142857
0.203530171166559,0.344444444444444,0.423076923076923,0.416666666666667,0.0535714285714286
0.69750929285285,0.288888888888889,0.846153846153846,0.1,0.0535714285714286
0.588577024951588,0.344444444444444,0.903846153846154,0.3,0.0535714285714286
1,0.7,0.807692307692308,0.133333333333333,0.75
0.768847241079974,0.0111111111111111,0.673076923076923,0.166666666666667,0.0178571428571429
0.875186413515258,0.377777777777778,0.923076923076923,0.316666666666667,0.214285714285714
0.820252854630846,0.3,0.769230769230769,0.0333333333333333,0.107142857142857
0.595955661406281,0.322222222222222,0.634615384615385,0.416666666666667,0.0357142857142857
0.995247846506555,0.544444444444445,0.596153846153846,0.633333333333333,0.607142857142857
0.415885770249516,0.355555555555556,0.673076923076923,0.233333333333333,0.0357142857142857
0.350679991987001,0.611111111111111,0.480769230769231,0.516666666666667,0.214285714285714
0.473034032986845,0.3,0.903846153846154,0.166666666666667,0.0357142857142857
0.765898012331115,0.333333333333333,0.884615384615385,0.233333333333333,0.0892857142857143
0.0683998486433548,0.722222222222222,0.326923076923077,0.433333333333333,0.339285714285714
0.13064526899192,0.844444444444445,0.615384615384615,0.933333333333333,0.464285714285714
0.498786921005186,0.9,0.461538461538462,0.716666666666667,0.517857142857143
0.653437799096312,0.355555555555556,0.865384615384616,0.0666666666666667,0.0357142857142857
0.994691388252053,0.622222222222222,0.480769230769231,0.45,0.678571428571429
0.814699401250918,0.877777777777778,0.076923076923077,0.683333333333333,0.5
0.248658935606651,0.311111111111111,0.75,0.466666666666667,0.0535714285714286
0.575745097602778,0.622222222222222,0.903846153846154,0.266666666666667,0.267857142857143
0.264540254190131,0.277777777777778,0.942307692307692,0,0.0357142857142857
0.0959890489015514,0.311111111111111,0.365384615384615,0.266666666666667,0.0178571428571429
0.376176909208271,0.588888888888889,0.634615384615385,0.0333333333333333,0.214285714285714
0.338159681260712,0.0777777777777778,0.673076923076923,0.05,0.0357142857142857
0.346884946691299,0.344444444444444,0.519230769230769,0.583333333333333,0.0357142857142857
0.517728759988426,0.788888888888889,0.634615384615385,0.383333333333333,0.392857142857143
0.77400004451666,0.355555555555556,0.75,0.483333333333333,0.0357142857142857
0.973902107863868,0.0444444444444444,0.75,0.333333333333333,0.0535714285714286
0.271262269904512,0.344444444444444,0.942307692307692,0.166666666666667,0.0535714285714286
0.723495893338082,0.311111111111111,0.692307692307692,0.35,0.0357142857142857
0.290560242170632,0.0666666666666667,0.673076923076923,0.3,0.0357142857142857
0.267912391212411,0.333333333333333,0.653846153846154,0.316666666666667,0.0357142857142857
0.84716317581855,0.3,0.192307692307692,0.5,0.0535714285714286
0.675462416809491,0.222222222222222,0.807692307692308,0.183333333333333,0.0535714285714286
0.816302001023883,0.833333333333333,0.461538461538462,0.966666666666667,0.482142857142857
0.432657422040199,0.566666666666667,0.269230769230769,0.483333333333333,0.160714285714286
0.855587953791706,0.655555555555556,0.903846153846154,0.25,0.428571428571429
0.27075032831037,0.333333333333333,0.653846153846154,0.283333333333333,0.0357142857142857
0.22613350546442,0.3,0.403846153846154,0.333333333333333,0.0535714285714286
0.616288646025775,0.288888888888889,0.307692307692308,0.0166666666666667,0.0357142857142857
0.766532374741247,0.777777777777778,0.807692307692308,0.116666666666667,0.517857142857143
0.275925390077236,0.3,0.884615384615385,0.0166666666666667,0.0535714285714286
0.144701404500634,0.266666666666667,0.788461538461539,0.0666666666666667,0.0535714285714286
0.0819329133928373,0.344444444444444,0.75,0.0333333333333333,0.0357142857142857
0.914761724575422,0.344444444444444,0.961538461538462,0.483333333333333,0.25
0.35997284483718,0.3,0.730769230769231,0.45,0.0357142857142857
0.478988136310014,0.6,0.653846153846154,0.433333333333333,0.214285714285714
0.303514590335433,0.255555555555556,0.134615384615385,0.116666666666667,0.0178571428571429
0.222438622654528,0.3,0.307692307692308,0.35,0
0.365181294099317,0.266666666666667,0.788461538461539,0.0833333333333333,0.0535714285714286
0.646226100117969,0.311111111111111,0.75,0.533333333333333,0.0357142857142857
0.183007990740535,0.133333333333333,0.769230769230769,0.3,0.0535714285714286
0.516070514390011,0.344444444444444,0.0961538461538461,0.383333333333333,0.0535714285714286
0.962216484519331,0.311111111111111,0.673076923076923,0.533333333333333,0.267857142857143
0.731731475504708,0.822222222222222,0.423076923076923,0.9,0.446428571428571
0.577993188950965,0.966666666666667,0.173076923076923,0.3,0.571428571428571
0.0853940837358381,0.588888888888889,0.346153846153846,0.216666666666667,0.214285714285714
0.985187081265163,0.266666666666667,0.942307692307692,0.0666666666666667,0.285714285714286
0.037572061343958,0.0444444444444444,0.942307692307692,0.0833333333333333,0.0178571428571429
0.185578827876333,0.0666666666666667,0.769230769230769,0.166666666666667,0.0178571428571429
0.014011618848354,0.0111111111111111,0.0961538461538461,0.0666666666666667,0.0357142857142857
0.798039041111136,0.322222222222222,0.980769230769231,0.366666666666667,0.0535714285714286
0.796447570503261,0.322222222222222,0.788461538461539,0.433333333333333,0.0357142857142857
0.981781556747613,0.3,0.384615384615385,0.266666666666667,0.321428571428571
0.990651501324371,0.322222222222222,0.75,0.0833333333333333,0.392857142857143
0.496627862977719,0.577777777777778,0.692307692307692,0.266666666666667,0.178571428571429
0.149164199701738,0.211111111111111,0.576923076923077,0.1,0.0357142857142857
0.523504796670154,0.433333333333333,0.692307692307692,0.2,0.0535714285714286
0.927716072740223,0.0666666666666667,0.615384615384615,0.116666666666667,0.0357142857142857
